,Sensor,Count,Max,Min,Mean,Median,Standard Deviation
0,air_co2,6995,561.0,0.0,115.17869907076484,95.0,101.07433527124246
1,air_RH,7003,47.0,9.0,23.44052548907611,22.0,7.98935290913017
2,air_temp_C,7004,37.0,14.0,26.080810965162765,26.0,4.324550443755415
3,water_ec_ms_cm,4867,2.22,0.0,1.2981282103965481,1.26,0.29671701683571067
4,water_pH,6996,14.0,2.35,5.032106918238994,3.89,2.041687207654306
5,water_temp_C,6999,29.05,-1023.0,20.774482068866977,21.52,30.756702132217345
6,Total Readings,39864,0.0,0.0,0.0,0.0,0.0
