,Sensor,Count,Max,Min,Mean,Median,Standard Deviation
0,air_co2,5600,1240.0,0.0,750.7548214285714,785.0,149.08399981747047
1,air_RH,5601,45.0,7.0,17.925727548652027,17.0,7.532371835951987
2,air_temp_C,5600,35.0,13.0,24.330357142857142,24.0,4.351924421035741
3,water_ec_ms_cm,624,0.94,0.0,0.7652403846153847,0.78,0.1336400134612597
4,water_pH,624,14.0,6.76,7.139182692307691,7.01,1.0031456808956722
5,water_temp_C,624,28.84,20.55,24.85150641025641,25.07,1.7988683726470165
6,Total Readings,18673,0.0,0.0,0.0,0.0,0.0
