,Sensor,Count,Max,Min,Mean,Median,Standard Deviation
0,air_co2,5766,697.0,0.0,385.9304543877905,374.0,43.171360508091496
1,air_RH,5780,44.0,6.0,15.74325259515571,14.0,7.824150839844058
2,air_temp_C,5780,37.0,16.0,26.195674740484428,26.0,3.7382264128469918
3,water_ec_ms_cm,5774,6.5,0.0,2.480214755801871,2.14,1.1906972931633133
4,water_pH,5773,14.0,6.3,6.591824008314568,6.61,0.3737122247885644
5,water_temp_C,5777,32.07,13.06,18.191843517396574,17.92,2.5510446256151904
6,Total Readings,34650,0.0,0.0,0.0,0.0,0.0
