,Sensor,Count,Max,Min,Mean,Median,Standard Deviation
0,air_co2,4792,870.0,286.0,559.5436143572621,550.0,92.42131132039995
1,air_RH,4799,41.0,6.0,15.36424255053136,14.0,7.5621270645394425
2,air_temp_C,4799,37.0,13.0,25.66284642633882,25.0,3.9825192622772563
3,water_ec_ms_cm,4795,0.0,0.0,0.0,0.0,0.0
4,water_pH,4783,14.0,6.53,7.944210746393478,7.71,0.9783542497321583
5,water_temp_C,4796,31.48,7.43,17.129899916597164,16.765,2.7457313519976894
6,Total Readings,28764,0.0,0.0,0.0,0.0,0.0
