,Sensor,Count,Max,Min,Mean,Median,Standard Deviation
0,air_co2,5380,750.0,0.0,369.2460966542751,409.0,202.15623228330494
1,air_RH,5388,43.0,7.0,16.288789903489235,14.0,6.8538353506868965
2,air_temp_C,5389,37.0,13.0,26.328632399331973,27.0,4.729250621046737
3,water_ec_ms_cm,5384,0.0,0.0,0.0,0.0,0.0
4,water_pH,5385,7.87,0.14,0.28792571959145774,0.2,0.549366704539357
5,water_temp_C,5386,-1023.0,-1023.0,-1023.0,-1023.0,0.0
6,Total Readings,32312,0.0,0.0,0.0,0.0,0.0
