,Sensor,Count,Max,Min,Mean,Median,Standard Deviation
0,air_co2,6463,587.0,0.0,261.44081695806904,247.0,52.96780951102211
1,air_RH,6469,59.0,10.0,31.82392950997063,31.0,9.300159058892229
2,air_temp_C,6469,41.0,14.0,28.442108517545215,29.0,5.731650693491781
3,water_ec_ms_cm,6468,0.0,0.0,0.0,0.0,0.0
4,water_pH,6468,14.0,0.26,0.28196351267779846,0.28,0.1713063278284643
5,water_temp_C,6468,-1023.0,-1023.0,-1023.0,-1023.0,0.0
6,Total Readings,38805,0.0,0.0,0.0,0.0,0.0
