,Sensor,Count,Max,Min,Mean,Median,Standard Deviation
0,air_co2,694,739.0,367.0,446.6123919308357,435.5,37.73892111023821
1,air_RH,697,53.0,11.0,26.89813486370158,23.0,9.70408193938939
2,air_temp_C,697,30.0,16.0,24.167862266857963,25.0,3.7949149496734704
3,water_ec_ms_cm,431,0.0,0.0,0.0,0.0,0.0
4,water_temp_C,639,-1023.0,-1023.0,-1023.0,-1023.0,0.0
5,Total Readings,3158,0.0,0.0,0.0,0.0,0.0
