,Sensor,Count,Max,Min,Mean,Median,Standard Deviation
0,air_co2,5789,553.0,0.0,190.8910001727414,187.0,45.52041891884148
1,air_RH,5795,49.0,9.0,18.74288179465056,17.0,7.660929007245857
2,air_temp_C,5795,36.0,13.0,25.616220880069026,25.0,4.148363382101538
3,water_pH,5792,14.0,6.7,6.982857389502763,6.95,0.38304652908931525
4,water_temp_C,5792,30.4,11.14,22.28331837016575,22.39,3.4469049486321923
5,Total Readings,28963,0.0,0.0,0.0,0.0,0.0
