,Sensor,Count,Max,Min,Mean,Median,Standard Deviation
0,air_co2,6193,475.0,24.0,131.6127886323268,126.0,56.981106431616794
1,air_RH,6204,51.0,9.0,23.308188265635074,22.0,8.438879874794212
2,air_temp_C,6204,36.0,13.0,24.896196002578982,25.0,4.387765115187374
3,water_ec_ms_cm,6197,3.01,0.0,1.4504211715346136,1.37,0.4766704853170084
4,water_pH,6198,14.0,6.69,7.020572765408197,6.94,0.3959807890906283
5,water_temp_C,6198,31.32,10.55,20.907886414972573,21.1,3.479596855005463
6,Total Readings,37194,0.0,0.0,0.0,0.0,0.0
