,Sensor,Count,Max,Min,Mean,Median,Standard Deviation
0,air_co2,1609,564.0,272.0,319.42013673088877,316.0,31.644794628749306
1,air_RH,1611,66.0,8.0,17.124767225325886,15.0,4.354045865180207
2,air_temp_C,1611,38.0,20.0,25.411545623836126,24.0,3.890436215254899
3,water_ec_ms_cm,1609,1.05,0.0,0.8641827221876942,0.88,0.10674733699265242
4,water_pH,1609,7.14,0.24,7.041547545059043,7.06,0.449823380633089
5,water_temp_C,1609,25.62,-1023.0,15.345096333126165,18.73,68.73664640739042
6,Total Readings,9658,0.0,0.0,0.0,0.0,0.0
