,Sensor,Count,Max,Min,Mean,Median,Standard Deviation
0,air_co2,3356,1833.0,0.0,1405.6933849821216,1408.0,86.95781647411195
1,air_RH,3358,39.0,6.0,16.38892197736748,14.0,7.857990169362941
2,air_temp_C,3358,33.0,15.0,24.692078618225136,25.0,3.240421336993174
3,water_ec_ms_cm,3357,14.9,0.0,2.4286535597259458,2.19,2.2063196501676092
4,water_temp_C,3356,72.55,10.68,16.83051251489869,15.51,4.638051601509367
5,Total Readings,16785,0.0,0.0,0.0,0.0,0.0
