,Sensor,Count,Max,Min,Mean,Median,Standard Deviation
0,air_co2,5563,1012.0,0.0,361.1634010426029,349.0,46.82878388044828
1,air_RH,5566,72.0,6.0,34.44214876033058,36.0,15.344986812886473
2,air_temp_C,5566,41.0,18.0,28.697808120733022,28.0,4.367191931380136
3,water_ec_ms_cm,5563,2.36,0.0,1.5172694589250404,1.53,0.3723838922795224
4,water_pH,5564,7.87,4.57,6.993761682242991,6.98,0.1388564062700183
5,water_temp_C,5564,31.95,15.11,21.5392145938174,21.38,2.713171727167159
6,Total Readings,33386,0.0,0.0,0.0,0.0,0.0
