,Sensor,Count,Max,Min,Mean,Median,Standard Deviation
0,air_co2,6551,573.0,0.0,143.172340100748,139.0,80.31575703874239
1,air_RH,6564,45.0,7.0,20.193631931748932,18.0,7.937771208920065
2,air_temp_C,6564,40.0,13.0,24.945460085313833,25.0,4.329391958067514
3,water_ec_ms_cm,6555,1.65,0.0,0.9233989321128909,0.91,0.25981122457017236
4,water_pH,6555,7.46,3.6,7.147215865751335,7.17,0.2138765845083811
5,water_temp_C,6556,28.92,-1023.0,18.577454240390484,20.94,48.307947545888396
6,Total Readings,39345,0.0,0.0,0.0,0.0,0.0
