,Sensor,Count,Max,Min,Mean,Median,Standard Deviation
0,air_co2,6106,968.0,310.0,590.080412708811,574.0,122.29295094366402
1,air_RH,6107,42.0,6.0,15.532994923857869,14.0,7.642436103598325
2,air_temp_C,6106,36.0,13.0,24.864395676383886,25.0,4.452896978603369
3,water_ec_ms_cm,6095,6.5,0.0,2.357100902378999,2.33,1.1456238759457775
4,water_pH,6098,14.0,6.5,6.838930796982616,6.79,0.3026000794265261
5,water_temp_C,6095,31.97,10.08,18.142720262510256,18.25,2.894001596561496
6,Total Readings,36607,0.0,0.0,0.0,0.0,0.0
