,Sensor,Count,Max,Min,Mean,Median,Standard Deviation
0,air_co2,6484,223.0,0.0,67.41455891425046,62.0,41.06373203682288
1,air_RH,6494,44.0,8.0,18.009547274407144,16.0,7.870441440148326
2,air_temp_C,6494,32.0,12.0,23.274099168463195,23.0,3.861575721615602
3,water_ec_ms_cm,6487,13.9,0.0,3.422380144905195,3.32,2.237887011185408
4,water_pH,6488,14.0,1.18,6.688523427866831,6.67,0.41474500579304197
5,water_temp_C,6487,25.88,8.65,16.381745028518576,16.32,2.799171952751857
6,Total Readings,38934,0.0,0.0,0.0,0.0,0.0
