,Sensor,Count,Max,Min,Mean,Median,Standard Deviation
0,air_co2,5251,3478.0,0.0,2087.457246238812,2228.0,478.07569059059307
1,air_RH,5267,47.0,9.0,21.189291816973608,19.0,8.91109265814441
2,air_temp_C,5267,31.0,14.0,23.269982912473893,23.0,3.200956592993457
3,Total Readings,15785,0.0,0.0,0.0,0.0,0.0
