,Sensor,Count,Max,Min,Mean,Median,Standard Deviation
0,air_co2,5580,238.0,0.0,25.7005376344086,11.0,32.156808503083425
1,air_RH,5587,41.0,9.0,17.30821550026848,16.0,7.020037467762506
2,air_temp_C,5587,32.0,12.0,23.585287274028996,24.0,3.7804998043700935
3,water_ec_ms_cm,5584,4.89,0.0,1.9425644699140399,1.88,0.92274579511288
4,water_pH,5584,14.0,5.87,6.458708810888252,6.34,0.5056850703612503
5,water_temp_C,5584,27.08,9.06,16.468033667621775,16.5,2.930749758110719
6,Total Readings,33506,0.0,0.0,0.0,0.0,0.0
