,Sensor,Count,Max,Min,Mean,Median,Standard Deviation
0,air_co2,5195,775.0,129.0,275.4076997112608,269.0,76.40018931911139
1,air_RH,5199,41.0,11.0,18.187343719946142,17.0,6.426988461799625
2,air_temp_C,5199,35.0,19.0,26.266589728794,26.0,3.3235349115902713
3,water_ec_ms_cm,5196,1.65,0.0,0.9459776751347191,0.95,0.27557661428148805
4,water_pH,5196,7.11,3.67,6.849834488067746,6.84,0.2137328789262829
5,water_temp_C,5196,26.77,-1023.0,18.53527521170131,21.115000000000002,54.20395402208039
6,Total Readings,31181,0.0,0.0,0.0,0.0,0.0
